key,match_done,dist,match_that_should_be_done
rest.resource.searchParam.documentation,ClinicalDocument.versionNumber.value,1.9571874,[]
compose.include.filter.property,ClinicalDocument.title.@value,2.0008209,[]
snapshot.element.slicing.ordered,ClinicalDocument.title.@value,1.9933947,[]
extension.valueCodeableConcept.text,ClinicalDocument.participant.functionCode.code,1.9682213,[]
effectiveDateTime,ClinicalDocument.effectiveTime.value,1.6144357,[]
copyright,ClinicalDocument.title.@value,2.2773595,[]
definition.page.page.page.page.nameUrl,ClinicalDocument.participant.associatedEntity.code.displayName,4.0114107,[]
total,ClinicalDocument.title.@value,2.1621594,[]
snapshot.element.contentReference,ClinicalDocument.title.@value,1.5942197,[]
relationship.coding.display,ClinicalDocument.title.@value,1.7048485,"['ClinicalDocument.component.structuredBody.component.section.entry.organizer.subject.relatedSubject.code.displayName', 'ClinicalDocument.component.structuredBody.component.section.entry.organizer.subject.relatedSubject.code.translation.displayName']"
entry.resource.verificationStatus.coding.code,ClinicalDocument.participant.functionCode.code,1.7125298,[]
valueSet,ClinicalDocument.title.@value,1.6410613,[]
context.period.start,ClinicalDocument.participant.time.value,1.9161205,[]
snapshot.element.patternCoding.system,ClinicalDocument.component.typeCode,1.6470876,[]
address.period.start,ClinicalDocument.participant.time.value,1.9647038,[]
rest.resource.extension.valueCode,ClinicalDocument.versionNumber.value,1.7394478,[]
item.item.item.linkId,ClinicalDocument.typeId.extension,3.2700386,[]
compose.exclude.valueSet,ClinicalDocument.versionNumber.value,1.9737096,[]
differential.element.condition,ClinicalDocument.title.@value,1.7534531,[]
concept.definition,ClinicalDocument.title.@value,1.8978554,[]
status,ClinicalDocument.title.@value,2.107114,"['ClinicalDocument.component.structuredBody.component.section.entry.act.entryRelationship.observation.entryRelationship.observation.value.displayName', 'ClinicalDocument.component.structuredBody.component.section.entry.procedure.entryRelationship.procedure.statusCode.code', 'ClinicalDocument.component.structuredBody.component.section.entry.observation.entryRelationship.observation.value.displayName', 'ClinicalDocument.component.structuredBody.component.section.entry.act.entryRelationship.observation.entryRelationship.observation.entryRelationship.observation.statusCode.code', 'ClinicalDocument.component.structuredBody.component.section.entry.encounter.entryRelationship.observation.statusCode.code', 'ClinicalDocument.component.structuredBody.component.section.entry.encounter.entryRelationship.act.statusCode.code', 'ClinicalDocument.component.structuredBody.component.section.entry.observation.entryRelationship.observation.statusCode.code', 'ClinicalDocument.authorization.consent.statusCode.code', 'ClinicalDocument.component.structuredBody.component.section.entry.substanceAdministration.entryRelationship.supply.entryRelationship.act.statusCode.code', 'ClinicalDocument.component.structuredBody.component.section.entry.procedure.statusCode.code', 'ClinicalDocument.component.structuredBody.component.section.entry.observation.statusCode.code']"
definition.page.page.page.nameUrl,ClinicalDocument.templateId.assigningAuthorityName,3.2733252,[]
parameter.name,ClinicalDocument.title.@value,1.7678108,[]
meta.extension.valueString,ClinicalDocument.title.@value,1.7584856,[]
differential.element.patternCodeableConcept.coding.system,ClinicalDocument.participant.associatedEntity.code.codeSystem,2.0613983,[]
compose.include.system,ClinicalDocument.title.type,1.929982,[]
rest.resource.interaction.extension.valueCode,ClinicalDocument.component.typeCode,1.864191,[]
extension.url,ClinicalDocument.id.extension,1.9678586,[]
modelNumber,ClinicalDocument.title.@value,1.903214,[]
entry.resource.status,ClinicalDocument.title.@value,1.6854697,"['ClinicalDocument.component.structuredBody.component.section.entry.act.entryRelationship.observation.entryRelationship.observation.value.displayName', 'ClinicalDocument.component.structuredBody.component.section.entry.procedure.entryRelationship.procedure.statusCode.code', 'ClinicalDocument.component.structuredBody.component.section.entry.observation.entryRelationship.observation.value.displayName', 'ClinicalDocument.component.structuredBody.component.section.entry.act.entryRelationship.observation.entryRelationship.observation.entryRelationship.observation.statusCode.code', 'ClinicalDocument.component.structuredBody.component.section.entry.encounter.entryRelationship.observation.statusCode.code', 'ClinicalDocument.component.structuredBody.component.section.entry.encounter.entryRelationship.act.statusCode.code', 'ClinicalDocument.component.structuredBody.component.section.entry.observation.entryRelationship.observation.statusCode.code', 'ClinicalDocument.authorization.consent.statusCode.code', 'ClinicalDocument.component.structuredBody.component.section.entry.substanceAdministration.entryRelationship.supply.entryRelationship.act.statusCode.code', 'ClinicalDocument.component.structuredBody.component.section.entry.procedure.statusCode.code', 'ClinicalDocument.component.structuredBody.component.section.entry.observation.statusCode.code']"
entry.resource.telecom.system,ClinicalDocument.title.type,2.0015516,[]
entry.resource.practitioner.reference,ClinicalDocument.title.@value,1.6947829,[]
_multipleOr.extension.valueCode,ClinicalDocument.authorization.typeCode,1.7835662,[]
item.item.item.answer.valueCoding.system,component.section.component.section.component.section.text.list.item.@value,3.1092184,[]
entry.resource.requester.display,ClinicalDocument.title.type,1.7579815,[]
identifier.value,ClinicalDocument.title.@value,1.6279339,"['ClinicalDocument.component.structuredBody.component.section.entry.encounter.entryRelationship.encounter.performer.assignedEntity.id.extension', 'ClinicalDocument.component.structuredBody.component.section.entry.encounter.participant.participantRole.id.extension', 'ClinicalDocument.component.structuredBody.component.section.entry.encounter.performer.assignedEntity.id.root', 'ClinicalDocument.component.structuredBody.component.section.entry.procedure.performer.assignedEntity.id.extension', 'ClinicalDocument.component.structuredBody.component.section.entry.substanceAdministration.entryRelationship.encounter.id.extension', 'ClinicalDocument.component.structuredBody.component.section.entry.encounter.entryRelationship.act.entryRelationship.observation.id.extension', 'ClinicalDocument.recordTarget.patientRole.id.extension', 'ClinicalDocument.component.structuredBody.component.section.entry.encounter.id.root', 'ClinicalDocument.component.structuredBody.component.section.entry.act.id.extension', 'ClinicalDocument.author.assignedAuthor.id.extension', 'ClinicalDocument.authenticator.assignedEntity.id.extension', 'ClinicalDocument.documentationOf.serviceEvent.performer.assignedEntity.id.extension', 'ClinicalDocument.component.structuredBody.component.section.entry.supply.participant.participantRole.id.root', 'ClinicalDocument.component.structuredBody.component.section.entry.act.performer.assignedEntity.id.extension', 'ClinicalDocument.componentOf.encompassingEncounter.id.extension', 'ClinicalDocument.component.structuredBody.component.section.entry.observation.entryRelationship.encounter.id.extension', 'ClinicalDocument.component.structuredBody.component.section.entry.substanceAdministration.entryRelationship.supply.author.assignedAuthor.id.root', 'ClinicalDocument.author.assignedAuthor.id.root', 'ClinicalDocument.component.structuredBody.component.section.entry.observation.id.root', 'ClinicalDocument.legalAuthenticator.assignedEntity.id.extension', 'ClinicalDocument.component.structuredBody.component.section.entry.encounter.performer.assignedEntity.id.extension', 'ClinicalDocument.component.structuredBody.component.section.entry.organizer.id.extension', 'ClinicalDocument.custodian.assignedCustodian.representedCustodianOrganization.id.extension', 'ClinicalDocument.recordTarget.patientRole.id.root', 'ClinicalDocument.component.structuredBody.component.section.entry.act.entryRelationship.substanceAdministration.id.root', 'ClinicalDocument.component.structuredBody.component.section.entry.act.entryRelationship.observation.entryRelationship.observation.id.extension', 'ClinicalDocument.id.root', 'ClinicalDocument.custodian.assignedCustodian.representedCustodianOrganization.id.root', 'ClinicalDocument.component.structuredBody.component.section.entry.substanceAdministration.entryRelationship.supply.id.extension', 'ClinicalDocument.component.structuredBody.component.section.entry.encounter.entryRelationship.observation.id.extension', 'ClinicalDocument.component.structuredBody.component.section.entry.procedure.id.extension', 'ClinicalDocument.component.structuredBody.component.section.entry.substanceAdministration.entryRelationship.observation.id.extension', 'ClinicalDocument.recordTarget.patientRole.providerOrganization.id.root', 'ClinicalDocument.component.structuredBody.component.section.entry.act.entryRelationship.substanceAdministration.moodCode', 'ClinicalDocument.component.structuredBody.component.section.entry.procedure.id.root', 'ClinicalDocument.component.structuredBody.component.section.entry.act.id.root', 'ClinicalDocument.component.structuredBody.component.section.entry.substanceAdministration.performer.assignedEntity.id.extension', 'ClinicalDocument.id.extension', 'ClinicalDocument.component.structuredBody.component.section.entry.encounter.id.extension', 'ClinicalDocument.component.structuredBody.component.section.entry.substanceAdministration.id.root', 'ClinicalDocument.component.structuredBody.component.section.entry.encounter.entryRelationship.act.entryRelationship.observation.id.root', 'ClinicalDocument.component.structuredBody.component.section.entry.observation.id.extension', 'ClinicalDocument.component.structuredBody.component.section.entry.substanceAdministration.performer.assignedEntity.representedOrganization.id.extension']"
verificationStatus.coding.display,ClinicalDocument.title.@value,1.7081761,[]
valueBoolean,ClinicalDocument.title.@value,1.805873,[]
performedPeriod.start,ClinicalDocument.participant.time.value,2.0738394,[]
target.dueDate,ClinicalDocument.effectiveTime.type,2.0726051,[]
parameter.type,ClinicalDocument.title.type,1.669831,[]
base,ClinicalDocument.title.@value,2.1415124,[]
modality.coding.display,ClinicalDocument.title.@value,1.7299395,[]
differential.element.requirements,ClinicalDocument.title.@value,1.7854565,[]
component.code.text,ClinicalDocument.code.code,1.5156852,[]
snapshot.element.slicing.description,ClinicalDocument.title.@value,1.8247949,[]
medicationReference.display,ClinicalDocument.title.@value,1.675292,['ClinicalDocument.component.structuredBody.component.section.entry.substanceAdministration.consumable.manufacturedProduct.manufacturedMaterial.code.displayName']
entry.resource.qualification.issuer.display,ClinicalDocument.title.@value,1.9249154,[]
type.coding.system,ClinicalDocument.title.type,1.5413088,[]
_implementationGuide.extension.url,ClinicalDocument.id.extension,2.0337875,[]
definition.page.page.generation,ClinicalDocument.title.type,2.1693783,[]
questionnaire,ClinicalDocument.title.@value,2.3707235,[]
entry.fullUrl,ClinicalDocument.title.@value,2.0324771,[]
_patchFormat.extension.url,ClinicalDocument.versionNumber.value,2.2063422,[]
entry.resource.qualification.code.coding.system,ClinicalDocument.code.codeSystem,1.498852,[]
snapshot.element.isSummary,ClinicalDocument.title.@value,1.7402875,[]
reaction.severity,ClinicalDocument.title.@value,2.1159644,['ClinicalDocument.component.structuredBody.component.section.entry.act.entryRelationship.observation.entryRelationship.observation.entryRelationship.observation.value.displayName']
recordedDate,ClinicalDocument.title.@value,1.9553988,[]
property.code,ClinicalDocument.code.code,1.8760155,[]
item.item.item.answer.valueCoding.display,component.section.component.section.component.section.text.list.item.@value,3.1805644,[]
instance,ClinicalDocument.title.@value,2.2692957,[]
presentedForm.data,ClinicalDocument.title.@value,1.7938719,[]
snapshot.element.definition,ClinicalDocument.title.@value,1.7167844,[]
performer.reference,ClinicalDocument.title.@value,2.005976,[]
extension.valueCodeableConcept.coding.display,ClinicalDocument.participant.functionCode.code,2.064469,['ClinicalDocument.recordTarget.patientRole.patient.religiousAffiliationCode.displayName']
class.code,ClinicalDocument.code.code,1.851789,['ClinicalDocument.component.structuredBody.component.section.entry.encounter.code.translation.code']
content.format.display,ClinicalDocument.title.@value,1.6861033,[]
parameter.use,ClinicalDocument.title.@value,1.8705856,[]
requester.display,ClinicalDocument.title.@value,1.994651,[]
rest.resource.searchParam.definition,ClinicalDocument.versionNumber.value,1.9949236,[]
caseSensitive,ClinicalDocument.title.@value,1.9385645,[]
snapshot.element.binding.extension.valueString,ClinicalDocument.versionNumber.value,1.887992,[]
definition.page.title,ClinicalDocument.title.@value,1.509232,[]
extension.extension.valueCoding.display,ClinicalDocument.versionNumber.value,1.6527075,"['ClinicalDocument.recordTarget.patientRole.patient.ethnicGroupCode.displayName', 'ClinicalDocument.recordTarget.patientRole.patient.raceCode.displayName']"
parameter.binding.strength,ClinicalDocument.title.@value,1.7784171,[]
active,ClinicalDocument.title.@value,2.2433934,[]
hospitalization.dischargeDisposition.coding.system,ClinicalDocument.authorization.typeCode,1.8591135,[]
code.coding.code,ClinicalDocument.code.code,1.0891924,"['ClinicalDocument.component.structuredBody.component.section.entry.observation.code.translation.code', 'ClinicalDocument.documentationOf.serviceEvent.performer.assignedEntity.code.code', 'ClinicalDocument.component.structuredBody.component.section.entry.act.entryRelationship.observation.participant.participantRole.playingEntity.code.code', 'ClinicalDocument.component.structuredBody.component.section.entry.substanceAdministration.consumable.manufacturedProduct.manufacturedMaterial.code.code', 'ClinicalDocument.component.structuredBody.component.section.entry.substanceAdministration.entryRelationship.observation.value.code', 'ClinicalDocument.component.structuredBody.component.section.entry.substanceAdministration.consumable.manufacturedProduct.manufacturedMaterial.code.translation.code', 'ClinicalDocument.component.structuredBody.component.section.entry.observation.code.code', 'ClinicalDocument.component.structuredBody.component.section.entry.encounter.entryRelationship.observation.value.translation.code', 'ClinicalDocument.component.structuredBody.component.section.entry.act.entryRelationship.observation.code.code', 'ClinicalDocument.component.structuredBody.component.section.entry.act.entryRelationship.observation.participant.participantRole.playingEntity.code.translation.code', 'ClinicalDocument.component.structuredBody.component.section.entry.act.code.code', 'ClinicalDocument.component.structuredBody.component.section.entry.encounter.entryRelationship.act.entryRelationship.observation.value.code', 'ClinicalDocument.component.structuredBody.component.section.entry.substanceAdministration.precondition.criterion.code.code', 'ClinicalDocument.component.structuredBody.component.section.entry.procedure.code.translation.code', 'ClinicalDocument.component.structuredBody.component.section.entry.encounter.entryRelationship.observation.value.code', 'ClinicalDocument.component.structuredBody.component.section.entry.act.entryRelationship.observation.value.translation.code', 'ClinicalDocument.component.structuredBody.component.section.entry.organizer.component.observation.code.code', 'ClinicalDocument.component.structuredBody.component.section.entry.procedure.code.code']"
type.coding.code,ClinicalDocument.authorization.typeCode,1.3293005,"['ClinicalDocument.code.code', 'ClinicalDocument.component.structuredBody.component.section.entry.encounter.code.translation.code', 'ClinicalDocument.documentationOf.serviceEvent.code.code', 'ClinicalDocument.component.structuredBody.component.section.entry.encounter.code.code']"
code.coding.system,ClinicalDocument.code.code,1.3105755,[]
snapshot.element.patternIdentifier.system,ClinicalDocument.component.typeCode,1.8120091,[]
name.use,ClinicalDocument.title.type,1.773841,[]
entry.resource.identifier.use,ClinicalDocument.participant.associatedEntity.addr.use,1.7918488,[]
entry.resource.gender,ClinicalDocument.title.@value,1.8214756,[]
item.item.item.answer.valueCoding.code,component.section.component.section.component.section.text.list.item.@value,3.2286847,[]
extension.valueCode,ClinicalDocument.title.@value,1.6108527,[]
snapshot.element.example.valuePeriod.start,ClinicalDocument.participant.time.value,1.8605665,[]
modality.coding.code,ClinicalDocument.code.code,1.4885327,[]
rest.interaction.code,ClinicalDocument.code.code,1.7778639,[]
mapping.identity,ClinicalDocument.title.@value,1.9939291,[]
entry.resource.onsetDateTime,ClinicalDocument.effectiveTime.type,1.9826927,[]
snapshot.element.mapping.map,ClinicalDocument.versionNumber.value,2.2360957,[]
snapshot.element.extension.valueString,ClinicalDocument.versionNumber.value,1.6087112,[]
serialNumber,ClinicalDocument.title.@value,1.9728613,[]
referenceRange.high.unit,ClinicalDocument.versionNumber.value,1.9316956,[]
rest.resource.searchParam.type,ClinicalDocument.author.time.type,1.9978591,[]
snapshot.element.alias,ClinicalDocument.title.@value,1.8395424,[]
dependsOn.packageId,ClinicalDocument.templateId.extension,2.0553715,[]
snapshot.element.type.extension.valueUrl,ClinicalDocument.typeId.extension,2.2634811,[]
identifier.system,ClinicalDocument.title.type,1.9566004,['ClinicalDocument.component.structuredBody.component.section.entry.encounter.id.root']
snapshot.element.base.min,ClinicalDocument.versionNumber.value,2.1838257,[]
entry.resource.connectionType.system,ClinicalDocument.participant.typeCode,1.7349043,[]
snapshot.element.slicing.discriminator.type,ClinicalDocument.component.typeCode,2.8492143,[]
differential.element.constraint.xpath,ClinicalDocument.versionNumber.value,3.4006705,[]
contained.id,ClinicalDocument.id.extension,1.5104737,[]
component.valueQuantity.unit,ClinicalDocument.versionNumber.value,1.6674051,[]
entry.resource.reaction.manifestation.coding.code,ClinicalDocument.component.typeCode,1.615304,"['ClinicalDocument.component.structuredBody.component.section.entry.act.entryRelationship.substanceAdministration.precondition.criterion.value.code', 'ClinicalDocument.component.structuredBody.component.section.entry.substanceAdministration.precondition.criterion.value.code']"
category.text,ClinicalDocument.title.@value,1.8521237,[]
address.state,ClinicalDocument.title.@value,1.9538705,"['ClinicalDocument.recordTarget.patientRole.patient.guardian.addr.state.@value', 'ClinicalDocument.custodian.assignedCustodian.representedCustodianOrganization.addr.state.@value', 'ClinicalDocument.recordTarget.patientRole.addr.state.@value']"
performer.display,ClinicalDocument.title.@value,2.0116882,[]
primarySource,ClinicalDocument.title.@value,1.8787569,[]
definition.extension.extension.url,ClinicalDocument.id.extension,1.9330094,[]
meta.extension.valueMarkdown,ClinicalDocument.title.@value,1.733198,[]
referenceRange.low.value,ClinicalDocument.versionNumber.value,1.9077429,[]
patient.reference,ClinicalDocument.title.@value,1.9081311,[]
criticality,ClinicalDocument.title.@value,2.3244708,[]
differential.element.mapping.identity,ClinicalDocument.title.@value,1.8130157,[]
identifier.type.coding.code,ClinicalDocument.authorization.typeCode,1.2664369,[]
snapshot.element.example.valueUrl,ClinicalDocument.versionNumber.value,2.0245504,[]
dispenseRequest.quantity.code,ClinicalDocument.authorization.typeCode,1.7048897,[]
subject.reference,ClinicalDocument.title.@value,1.8700622,[]
xpathUsage,ClinicalDocument.id.extension,3.2939482,[]
snapshot.element.binding.description,ClinicalDocument.title.@value,1.6945544,[]
entry.resource.name.given,ClinicalDocument.title.type,1.7804158,"['ClinicalDocument.recordTarget.patientRole.patient.name.given.@value', 'ClinicalDocument.recordTarget.patientRole.patient.maritalStatusCode.code', 'ClinicalDocument.component.structuredBody.component.section.entry.encounter.performer.assignedEntity.assignedPerson.name.given.@value', 'ClinicalDocument.component.structuredBody.component.section.entry.encounter.entryRelationship.encounter.performer.assignedEntity.assignedPerson.name.given.@value', 'ClinicalDocument.documentationOf.serviceEvent.performer.assignedEntity.assignedPerson.name.given.@value', 'ClinicalDocument.author.assignedAuthor.assignedPerson.name.given.@value', 'ClinicalDocument.recordTarget.patientRole.patient.name.use', 'ClinicalDocument.component.structuredBody.component.section.entry.substanceAdministration.performer.assignedEntity.assignedPerson.name.given.@value', 'ClinicalDocument.component.structuredBody.component.section.text.table.thead.tr.th.colspan']"
entry.resource.payloadMimeType,ClinicalDocument.participant.typeCode,2.0240765,[]
derivedFrom.reference,ClinicalDocument.title.@value,2.0181997,[]
entry.resource.agent.type.coding.code,ClinicalDocument.component.typeCode,1.7705256,[]
implementationGuide,ClinicalDocument.title.@value,2.0183165,[]
_chain.extension.url,ClinicalDocument.id.extension,2.10467,[]
snapshot.element.example.valuePeriod.end,ClinicalDocument.effectiveTime.value,2.0477428,[]
managingOrganization.reference,ClinicalDocument.title.@value,1.8387737,[]
snapshot.element.constraint.severity,ClinicalDocument.title.@value,1.8282773,[]
context.period.end,ClinicalDocument.participant.time.value,1.9298702,[]
snapshot.element.type.extension.valueBoolean,ClinicalDocument.versionNumber.value,2.0656269,[]
item.item.item.answer.valueDecimal,ClinicalDocument.versionNumber.value,3.3703475,[]
definition.parameter.code,ClinicalDocument.code.code,1.6669751,[]
telecom.use,ClinicalDocument.title.type,2.1103573,[]
encounter.reference,ClinicalDocument.title.@value,2.0079262,[]
definition.extension.url,ClinicalDocument.id.extension,1.8749422,[]
differential.element.binding.extension.url,ClinicalDocument.versionNumber.value,2.0923736,[]
entry.resource.patient.reference,ClinicalDocument.title.@value,1.6596242,[]
concept.code,ClinicalDocument.code.code,1.8194257,[]
content.attachment.url,ClinicalDocument.title.@value,1.9753752,[]
differential.element.slicing.discriminator.type,ClinicalDocument.component.typeCode,2.8507822,[]
entry.resource.identifier.system,ClinicalDocument.title.type,1.7456949,['ClinicalDocument.component.structuredBody.component.section.entry.encounter.id.root']
rest.resource.documentation,ClinicalDocument.title.@value,1.7038728,[]
component.valueQuantity.code,ClinicalDocument.versionNumber.value,1.5516304,[]
differential.element.type._targetProfile.extension.url,ClinicalDocument.recordTarget.typeCode,2.3094509,[]
differential.element.definition,ClinicalDocument.title.@value,1.7235919,[]
clinicalStatus.coding.system,ClinicalDocument.participant.typeCode,1.6087067,[]
entry.resource.birthDate,ClinicalDocument.author.time.value,2.1527548,[]
entry.resource.reaction.manifestation.coding.display,ClinicalDocument.code.displayName,1.7688034,"['ClinicalDocument.component.structuredBody.component.section.entry.act.entryRelationship.substanceAdministration.precondition.criterion.value.displayName', 'ClinicalDocument.component.structuredBody.component.section.entry.substanceAdministration.precondition.criterion.value.displayName']"
rest.resource.extension.extension.url,ClinicalDocument.templateId.extension,2.2326484,[]
rest.resource.extension.extension.valueCode,ClinicalDocument.component.typeCode,2.0364792,[]
presentedForm.contentType,ClinicalDocument.title.type,1.4771594,[]
address.postalCode,ClinicalDocument.code.code,1.7112361,"['ClinicalDocument.component.structuredBody.component.section.entry.encounter.performer.assignedEntity.addr.postalCode.@value', 'ClinicalDocument.component.structuredBody.component.section.entry.substanceAdministration.performer.assignedEntity.addr.postalCode.@value', 'ClinicalDocument.recordTarget.patientRole.addr.postalCode.@value', 'ClinicalDocument.recordTarget.patientRole.patient.guardian.addr.postalCode.@value', 'ClinicalDocument.documentationOf.serviceEvent.performer.assignedEntity.addr.postalCode.@value']"
snapshot.element.constraint.human,ClinicalDocument.title.@value,1.8094105,[]
snapshot.element.binding.strength,ClinicalDocument.title.@value,1.7642276,[]
_patchFormat.extension.valueCode,ClinicalDocument.component.typeCode,1.8209037,[]
property.description,ClinicalDocument.title.@value,1.8903009,[]
entry.resource.category,ClinicalDocument.title.type,1.7697368,[]
snapshot.element.type._targetProfile.extension.url,ClinicalDocument.recordTarget.typeCode,2.3686514,[]
contained.code.coding.code,ClinicalDocument.code.code,1.1103675,[]
snapshot.element.base.max,ClinicalDocument.versionNumber.value,1.8996375,[]
mapping.name,ClinicalDocument.title.type,1.7774289,[]
differential.element.constraint.human,ClinicalDocument.title.@value,1.8495198,[]
requester.reference,ClinicalDocument.title.@value,2.0125291,[]
lotNumber,ClinicalDocument.versionNumber.value,2.106036,['ClinicalDocument.component.structuredBody.component.section.entry.substanceAdministration.consumable.manufacturedProduct.manufacturedMaterial.lotNumberText.@value']
resourceType,ClinicalDocument.title.type,1.5939595,[]
subject.display,ClinicalDocument.title.@value,1.8624407,[]
property.type,ClinicalDocument.title.type,1.6474621,[]
rest.resource.searchParam.extension.url,ClinicalDocument.setId.extension,2.5234618,[]
entry.resource.name.family,ClinicalDocument.title.type,1.7187643,"['ClinicalDocument.author.assignedAuthor.assignedPerson.name.family.@value', 'ClinicalDocument.component.structuredBody.component.section.entry.substanceAdministration.performer.assignedEntity.assignedPerson.name.family.@value', 'ClinicalDocument.component.structuredBody.component.section.entry.encounter.entryRelationship.encounter.performer.assignedEntity.assignedPerson.name.family.@value', 'ClinicalDocument.documentationOf.serviceEvent.performer.assignedEntity.assignedPerson.name.family.@value', 'ClinicalDocument.recordTarget.patientRole.patient.name.family.@value']"
type.text,ClinicalDocument.title.type,1.5366611,['ClinicalDocument.component.structuredBody.component.section.entry.encounter.code.originalText.@value']
authored,ClinicalDocument.title.@value,2.3461967,[]
location.location.display,ClinicalDocument.title.@value,1.8598952,['ClinicalDocument.component.structuredBody.component.section.entry.encounter.participant.participantRole.playingEntity.name.@value']
udiCarrier.carrierHRF,ClinicalDocument.id.extension,4.1182265,[]
entry.resource.qualification.identifier.system,ClinicalDocument.title.type,1.7897179,[]
concept.extension.valueCoding.display,ClinicalDocument.versionNumber.value,1.525182,[]
referenceRange.type.coding.system,ClinicalDocument.component.typeCode,1.415857,[]
entry.resource.meta.lastUpdated,ClinicalDocument.author.time.value,2.1805573,[]
definition.page.page.page.page.generation,ClinicalDocument.author.time.type,3.5791922,[]
contained.connectionType.system,ClinicalDocument.title.type,1.4959966,[]
entry.resource.qualification.identifier.value,ClinicalDocument.title.@value,1.5723245,[]
meta.versionId,ClinicalDocument.id.extension,1.5018247,[]
parameter.documentation,ClinicalDocument.title.@value,1.9580473,[]
differential.element.patternCoding.code,ClinicalDocument.component.typeCode,1.5500928,[]
entry.resource.resourceType,ClinicalDocument.title.type,1.6432315,[]
referenceRange.high.value,ClinicalDocument.versionNumber.value,1.7181648,[]
meta.profile,ClinicalDocument.title.@value,1.9731364,[]
concept.extension.valueCoding.system,ClinicalDocument.versionNumber.value,1.6290082,[]
type.coding.display,ClinicalDocument.title.type,1.4846716,"['ClinicalDocument.author.assignedAuthor.assignedAuthoringDevice.manufacturerModelName.@value', 'ClinicalDocument.component.structuredBody.component.section.entry.encounter.code.translation.displayName', 'ClinicalDocument.code.displayName', 'ClinicalDocument.component.structuredBody.component.section.entry.encounter.code.displayName']"
entry.resource.endpoint.reference,ClinicalDocument.title.@value,1.7150928,[]
extension.extension.url,ClinicalDocument.id.extension,1.9309237,[]
entry.resource.authoredOn,ClinicalDocument.author.time.value,2.174445,[]
definition.page.page.nameUrl,ClinicalDocument.code.displayName,2.5997632,[]
rest.resource.extension.extension.valueString,ClinicalDocument.versionNumber.value,2.0509632,[]
date,ClinicalDocument.title.@value,2.0950546,[]
definition.resource.extension.url,ClinicalDocument.id.extension,1.914978,[]
parameter.binding.valueSet,ClinicalDocument.versionNumber.value,1.7782546,[]
snapshot.element.constraint.extension.valueBoolean,ClinicalDocument.versionNumber.value,1.9513314,[]
entry.resource.agent.type.coding.system,ClinicalDocument.component.typeCode,1.8476615,[]
snapshot.element.comment,ClinicalDocument.title.@value,1.7764322,[]
contained.address,ClinicalDocument.title.@value,2.04893,[]
differential.element.slicing.ordered,ClinicalDocument.title.@value,1.9883969,[]
item.item.text,ClinicalDocument.title.@value,2.2080512,[]
snapshot.element.patternCodeableConcept.coding.system,ClinicalDocument.participant.associatedEntity.code.codeSystem,2.0418012,[]
reaction.manifestation.coding.display,ClinicalDocument.title.type,1.746534,"['ClinicalDocument.component.structuredBody.component.section.entry.act.entryRelationship.substanceAdministration.precondition.criterion.value.displayName', 'ClinicalDocument.component.structuredBody.component.section.entry.substanceAdministration.precondition.criterion.value.displayName']"
entry.resource.qualification.identifier.assigner.display,ClinicalDocument.code.displayName,2.0130215,[]
entry.resource.criticality,ClinicalDocument.title.@value,1.7169644,[]
interpretation.text,ClinicalDocument.title.@value,1.9222823,[]
lifecycleStatus,ClinicalDocument.title.@value,1.9398901,[]
rest.resource._supportedProfile.extension.url,ClinicalDocument.setId.extension,2.325196,[]
differential.element.patternCoding.system,ClinicalDocument.component.typeCode,1.6982608,[]
item.answer.valueCoding.code,ClinicalDocument.participant.functionCode.code,1.832923,[]
meta.tag.code,ClinicalDocument.code.code,2.0060298,[]
definition.resource.exampleBoolean,ClinicalDocument.title.type,1.8227069,[]
_implementationGuide.extension.valueCode,ClinicalDocument.authorization.typeCode,1.6627332,[]
onsetDateTime,ClinicalDocument.effectiveTime.type,1.9273095,[]
dispenseRequest.expectedSupplyDuration.value,ClinicalDocument.effectiveTime.value,2.007826,[]
device.display,ClinicalDocument.title.@value,1.9404643,[]
rest.resource.searchParam.name,ClinicalDocument.code.displayName,2.0720923,[]
differential.element.fixedCode,ClinicalDocument.component.typeCode,1.705285,[]
content.id,ClinicalDocument.id.extension,1.3955127,[]
identifier.type.coding.system,ClinicalDocument.authorization.typeCode,1.402031,[]
media.link.reference,ClinicalDocument.title.@value,1.7996765,[]
valueCodeableConcept.coding.extension.url,ClinicalDocument.participant.functionCode.code,2.3442497,[]
entry.resource.specialty.coding.display,ClinicalDocument.participant.typeCode,1.7095938,[]
resource.qualification.identifier.type.coding.system,ClinicalDocument.component.typeCode,1.4325007,[]
mapping.uri,ClinicalDocument.id.extension,2.0963762,[]
contained.name,ClinicalDocument.title.@value,1.8415545,[]
snapshot.element.binding.extension.valueBoolean,ClinicalDocument.versionNumber.value,1.9474891,[]
name.period.start,ClinicalDocument.title.type,1.8028923,[]
deviceName.type,ClinicalDocument.title.type,1.3698864,[]
valueCodeableConcept.text,ClinicalDocument.code.displayName,1.8177375,[]
rest.resource.operation.name,ClinicalDocument.title.type,1.7034328,[]
abatementDateTime,ClinicalDocument.effectiveTime.value,1.8184739,[]
rest.resource.extension.url,ClinicalDocument.title.@value,2.0370035,[]
entry.resource.target.reference,ClinicalDocument.title.@value,1.7762678,[]
rest.resource.searchInclude,ClinicalDocument.participant.time.value,1.9458594,[]
rest.resource.type,ClinicalDocument.title.type,1.5237141,[]
snapshot.element.extension.valueBoolean,ClinicalDocument.versionNumber.value,1.6988392,[]
snapshot.element.extension.url,ClinicalDocument.id.extension,2.0010762,[]
contained.status,ClinicalDocument.title.@value,1.8883204,[]
verificationStatus.coding.system,ClinicalDocument.authorization.typeCode,1.7560859,[]
_multipleAnd.extension.url,ClinicalDocument.id.extension,1.960683,[]
dispenseRequest.expectedSupplyDuration.system,ClinicalDocument.effectiveTime.type,2.0920992,[]
entry.resource.subject.reference,ClinicalDocument.title.@value,1.7013432,[]
format,ClinicalDocument.title.@value,2.1338048,[]
interpretation.coding.system,ClinicalDocument.title.type,1.8434638,[]
publisher,ClinicalDocument.title.@value,2.314437,[]
contained.code.coding.display,ClinicalDocument.code.code,1.333706,[]
rest.resource._supportedProfile.extension.valueCode,ClinicalDocument.recordTarget.contextControlCode,2.1085894,[]
_multipleOr.extension.url,ClinicalDocument.title.type,2.121388,[]
medicationReference.reference,ClinicalDocument.title.@value,1.7586623,[]
snapshot.element.example.valueString,ClinicalDocument.versionNumber.value,1.6408021,[]
endpoint.reference,ClinicalDocument.title.@value,1.9312794,[]
item.item.item.answer.valueString,component.section.component.section.component.section.text.list.item.@value,3.3470314,[]
snapshot.element.type._targetProfile.extension.valueBoolean,ClinicalDocument.recordTarget.typeCode,2.4793565,[]
participant.member.display,ClinicalDocument.title.@value,1.99111,[]
position.latitude,ClinicalDocument.title.@value,2.0493188,[]
manufactureDate,ClinicalDocument.title.@value,1.9632218,[]
class.system,ClinicalDocument.title.type,1.9621271,[]
relationship.coding.code,ClinicalDocument.code.code,1.4024513,"['ClinicalDocument.component.structuredBody.component.section.entry.organizer.subject.relatedSubject.code.translation.code', 'ClinicalDocument.component.structuredBody.component.section.entry.organizer.subject.relatedSubject.code.code']"
media.link.display,ClinicalDocument.title.@value,1.8218639,[]
dispenseRequest.quantity.value,ClinicalDocument.title.@value,1.6882232,[]
position.longitude,ClinicalDocument.title.@value,2.056558,[]
_multipleAnd.extension.valueCode,ClinicalDocument.versionNumber.value,1.577697,[]
snapshot.element.example.valueCode,ClinicalDocument.component.typeCode,1.6740149,[]
entry.resource.payloadType.coding.code,ClinicalDocument.component.typeCode,1.7053881,[]
snapshot.element.type.extension.valueString,ClinicalDocument.versionNumber.value,1.963661,[]
manufacturer,ClinicalDocument.title.@value,2.385296,['ClinicalDocument.author.assignedAuthor.assignedAuthoringDevice.manufacturerModelName.@value']
differential.element.binding.valueSet,ClinicalDocument.versionNumber.value,1.8416181,[]
rest.resource.interaction.extension.url,ClinicalDocument.author.time.value,2.1153138,[]
rest.resource.operation.extension.url,ClinicalDocument.author.time.value,2.1553788,[]
snapshot.element.binding.extension.url,ClinicalDocument.versionNumber.value,2.1484404,[]
content.url,ClinicalDocument.title.@value,2.0334952,[]
note.text,ClinicalDocument.title.@value,1.8986142,[]
snapshot.element.meaningWhenMissing,ClinicalDocument.participant.time.value,1.8781433,[]
content.contentType,ClinicalDocument.title.type,1.5429572,[]
entry.resource.location.display,ClinicalDocument.title.@value,1.7256458,[]
differential.element.alias,ClinicalDocument.title.@value,1.8140779,[]
differential.element.path,ClinicalDocument.title.@value,1.8667331,[]
differential.element.type.code,ClinicalDocument.component.typeCode,1.1859573,[]
patchFormat,ClinicalDocument.title.@value,1.9771528,[]
valueCodeableConcept.coding.code,ClinicalDocument.participant.functionCode.code,1.8003954,"['ClinicalDocument.component.structuredBody.component.section.entry.organizer.component.observation.value.code', 'ClinicalDocument.recordTarget.patientRole.patient.religiousAffiliationCode.code', 'ClinicalDocument.component.structuredBody.component.section.entry.observation.value.code', 'ClinicalDocument.component.structuredBody.component.section.entry.observation.value.translation.code']"
extension.extension.valueCoding.code,ClinicalDocument.code.code,1.6895932,"['ClinicalDocument.recordTarget.patientRole.patient.ethnicGroupCode.code', 'ClinicalDocument.recordTarget.patientRole.patient.raceCode.code']"
component.code.coding.system,ClinicalDocument.code.code,1.2790663,[]
definition.page.generation,ClinicalDocument.title.@value,1.8344755,[]
jurisdiction.coding.system,ClinicalDocument.title.type,1.8478233,[]
derivedFrom.display,ClinicalDocument.title.@value,2.0297766,[]
rest.resource._searchRevInclude.extension.url,ClinicalDocument.setId.extension,3.0288765,[]
snapshot.element.binding.valueSet,ClinicalDocument.versionNumber.value,1.8914334,[]
context.type,ClinicalDocument.title.type,1.5896252,[]
issued,ClinicalDocument.title.@value,2.3327205,[]
entry.resource.id,ClinicalDocument.id.extension,1.3322129,[]
_comparator.extension.url,ClinicalDocument.id.extension,1.9422822,[]
entry.resource.managingOrganization.reference,ClinicalDocument.title.@value,1.7952899,[]
category.coding.system,ClinicalDocument.title.type,1.7903452,[]
packageId,ClinicalDocument.id.extension,1.4061737,[]
content.attachment.contentType,ClinicalDocument.title.type,1.5541055,[]
component.code.coding.display,ClinicalDocument.code.code,1.2636029,[]
entry.resource.verificationStatus.coding.system,ClinicalDocument.authorization.typeCode,1.9059539,[]
compose.include.filter.value,ClinicalDocument.title.@value,1.8506296,[]
interpretation.coding.display,ClinicalDocument.title.@value,1.7702659,[]
verificationStatus.text,ClinicalDocument.title.@value,1.6380317,[]
snapshot.element.fixedUri,ClinicalDocument.versionNumber.value,2.0899608,[]
item.answer.valueCoding.display,ClinicalDocument.versionNumber.value,1.8081213,[]
content.format.system,ClinicalDocument.title.type,1.6910288,[]
medicationCodeableConcept.coding.code,ClinicalDocument.participant.functionCode.code,1.648331,[]
snapshot.element.constraint.key,ClinicalDocument.versionNumber.value,1.8820465,[]
contained.payloadType.coding.system,ClinicalDocument.component.typeCode,1.4792026,[]
differential.element.comment,ClinicalDocument.title.@value,1.7432305,[]
dispenseRequest.expectedSupplyDuration.code,ClinicalDocument.authorization.typeCode,2.051173,[]
differential.element.type.targetProfile,ClinicalDocument.effectiveTime.type,1.8140678,[]
valueCodeableConcept.coding.system,ClinicalDocument.participant.functionCode.code,1.7976702,[]
differential.element.type.extension.valueBoolean,ClinicalDocument.versionNumber.value,2.1027942,[]
content.attachment.title,ClinicalDocument.title.@value,1.4089254,[]
period.end,ClinicalDocument.participant.time.value,2.1356192,[]
rest.resource.operation.extension.valueCode,ClinicalDocument.component.typeCode,1.9066238,[]
referenceRange.low.code,ClinicalDocument.versionNumber.value,1.9212809,[]
dosageInstruction.text,ClinicalDocument.title.@value,1.7711115,[]
license,ClinicalDocument.title.@value,2.1930163,[]
snapshot.element.constraint.source,ClinicalDocument.title.@value,1.8038392,[]
interpretation.coding.code,ClinicalDocument.code.code,1.4378935,"['ClinicalDocument.confidentialityCode.code', 'ClinicalDocument.recordTarget.patientRole.patient.name.use']"
snapshot.element.patternCoding.code,ClinicalDocument.component.typeCode,1.5518427,[]
snapshot.element.example.label,ClinicalDocument.title.type,1.7625567,[]
snapshot.element.constraint.expression,ClinicalDocument.title.@value,1.8085897,[]
address.use,ClinicalDocument.title.@value,1.9422839,[]
hospitalization.dischargeDisposition.coding.code,ClinicalDocument.code.code,1.5263524,[]
identifier.use,ClinicalDocument.title.@value,1.8631557,[]
snapshot.element.base.path,ClinicalDocument.versionNumber.value,1.9784496,[]
concept.property.code,ClinicalDocument.code.code,1.6471564,[]
snapshot.element.orderMeaning,ClinicalDocument.title.@value,1.6750275,[]
contained.connectionType.code,ClinicalDocument.authorization.typeCode,1.2638204,[]
experimental,ClinicalDocument.title.@value,2.2822502,[]
valueCodeableConcept.coding.display,ClinicalDocument.participant.functionCode.code,1.8857393,"['ClinicalDocument.component.structuredBody.component.section.entry.organizer.component.observation.value.displayName', 'ClinicalDocument.recordTarget.patientRole.patient.religiousAffiliationCode.displayName', 'ClinicalDocument.component.structuredBody.component.section.entry.observation.value.translation.displayName', 'ClinicalDocument.component.structuredBody.component.section.entry.observation.value.displayName']"
rest.interaction.extension.valueCode,ClinicalDocument.versionNumber.value,1.7602152,[]
medicationCodeableConcept.text,ClinicalDocument.author.contextControlCode,1.6782953,[]
comparator,ClinicalDocument.title.@value,2.362157,[]
author.display,ClinicalDocument.title.@value,1.901778,['ClinicalDocument.author.assignedAuthor.assignedPerson.name.family.@value']
item.text,ClinicalDocument.title.@value,1.7928306,[]
meta.lastUpdated,ClinicalDocument.title.@value,1.9299146,[]
entry.resource.text.div,ClinicalDocument.title.@value,2.3162096,[]
code.text,ClinicalDocument.code.code,1.7312924,"['ClinicalDocument.component.structuredBody.component.section.entry.procedure.code.displayName', 'ClinicalDocument.component.structuredBody.component.section.entry.act.entryRelationship.observation.participant.participantRole.playingEntity.code.displayName', 'ClinicalDocument.component.structuredBody.component.section.entry.observation.code.translation.displayName', 'ClinicalDocument.component.structuredBody.component.section.entry.procedure.code.translation.displayName', 'ClinicalDocument.component.structuredBody.component.section.entry.encounter.entryRelationship.act.entryRelationship.observation.value.displayName', 'ClinicalDocument.component.structuredBody.component.section.entry.act.entryRelationship.observation.participant.participantRole.playingEntity.name.@value', 'ClinicalDocument.component.structuredBody.component.section.entry.act.entryRelationship.observation.participant.participantRole.playingEntity.code.translation.displayName', 'ClinicalDocument.component.structuredBody.component.section.entry.act.entryRelationship.observation.value.translation.displayName']"
entry.resource.telecom.use,ClinicalDocument.participant.associatedEntity.addr.use,1.9223231,[]
item.linkId,ClinicalDocument.id.extension,1.6681185,[]
vaccineCode.coding.display,ClinicalDocument.code.code,1.387815,['ClinicalDocument.component.structuredBody.component.section.entry.substanceAdministration.consumable.manufacturedProduct.manufacturedMaterial.code.displayName']
gender,ClinicalDocument.title.@value,2.2419374,[]
presentedForm.url,ClinicalDocument.title.type,1.9600893,[]
snapshot.element.type.extension.url,ClinicalDocument.typeId.extension,2.0010762,[]
differential.element.min,ClinicalDocument.title.@value,2.2573428,[]
differential.element.constraint.key,ClinicalDocument.versionNumber.value,1.9396946,[]
identifier.type.coding.display,ClinicalDocument.participant.typeCode,1.4522108,[]
item.answer.valueCoding.system,ClinicalDocument.versionNumber.value,1.7610666,[]
differential.element.isModifier,ClinicalDocument.title.@value,1.8102988,[]
entry.resource.connectionType.code,ClinicalDocument.component.typeCode,1.3504403,[]
snapshot.element.representation,ClinicalDocument.title.@value,1.7716919,[]
entry.resource.clinicalStatus.coding.system,ClinicalDocument.participant.typeCode,1.8258808,[]
entry.resource.payloadType.coding.system,ClinicalDocument.component.typeCode,1.7121335,[]
entry.resource.text.status,ClinicalDocument.title.@value,1.7064322,[]
definition.resource.reference.reference,ClinicalDocument.title.@value,1.6477035,[]
multipleOr,ClinicalDocument.title.type,2.089871,[]
entry.resource.code.coding.code,ClinicalDocument.languageCode.code,1.3579477,"['ClinicalDocument.component.structuredBody.component.section.entry.observation.code.translation.code', 'ClinicalDocument.documentationOf.serviceEvent.performer.assignedEntity.code.code', 'ClinicalDocument.component.structuredBody.component.section.entry.act.entryRelationship.observation.participant.participantRole.playingEntity.code.code', 'ClinicalDocument.component.structuredBody.component.section.entry.substanceAdministration.consumable.manufacturedProduct.manufacturedMaterial.code.code', 'ClinicalDocument.component.structuredBody.component.section.entry.substanceAdministration.entryRelationship.observation.value.code', 'ClinicalDocument.component.structuredBody.component.section.entry.substanceAdministration.consumable.manufacturedProduct.manufacturedMaterial.code.translation.code', 'ClinicalDocument.component.structuredBody.component.section.entry.observation.code.code', 'ClinicalDocument.component.structuredBody.component.section.entry.encounter.entryRelationship.observation.value.translation.code', 'ClinicalDocument.component.structuredBody.component.section.entry.act.entryRelationship.observation.code.code', 'ClinicalDocument.component.structuredBody.component.section.entry.act.entryRelationship.observation.participant.participantRole.playingEntity.code.translation.code', 'ClinicalDocument.component.structuredBody.component.section.entry.act.code.code', 'ClinicalDocument.component.structuredBody.component.section.entry.encounter.entryRelationship.act.entryRelationship.observation.value.code', 'ClinicalDocument.component.structuredBody.component.section.entry.substanceAdministration.precondition.criterion.code.code', 'ClinicalDocument.component.structuredBody.component.section.entry.procedure.code.translation.code', 'ClinicalDocument.component.structuredBody.component.section.entry.encounter.entryRelationship.observation.value.code', 'ClinicalDocument.component.structuredBody.component.section.entry.act.entryRelationship.observation.value.translation.code', 'ClinicalDocument.component.structuredBody.component.section.entry.organizer.component.observation.code.code', 'ClinicalDocument.component.structuredBody.component.section.entry.procedure.code.code']"
component.dataAbsentReason.coding.system,ClinicalDocument.component.typeCode,1.9082991,[]
result.display,ClinicalDocument.title.@value,1.9041387,['ClinicalDocument.recordTarget.patientRole.patient.administrativeGenderCode.displayName']
snapshot.element.constraint.extension.valueMarkdown,ClinicalDocument.versionNumber.value,1.8217537,[]
differential.element.id,ClinicalDocument.id.extension,1.2336035,[]
reportedBoolean,ClinicalDocument.title.@value,2.1134696,[]
entry.resource.qualification.code.coding.display,ClinicalDocument.code.displayName,1.5865488,[]
differential.element.constraint.expression,ClinicalDocument.title.@value,1.8173273,[]
entry.resource.identifier.value,ClinicalDocument.title.@value,1.4862396,"['ClinicalDocument.component.structuredBody.component.section.entry.encounter.entryRelationship.encounter.performer.assignedEntity.id.extension', 'ClinicalDocument.component.structuredBody.component.section.entry.encounter.participant.participantRole.id.extension', 'ClinicalDocument.component.structuredBody.component.section.entry.encounter.performer.assignedEntity.id.root', 'ClinicalDocument.component.structuredBody.component.section.entry.procedure.performer.assignedEntity.id.extension', 'ClinicalDocument.component.structuredBody.component.section.entry.substanceAdministration.entryRelationship.encounter.id.extension', 'ClinicalDocument.component.structuredBody.component.section.entry.encounter.entryRelationship.act.entryRelationship.observation.id.extension', 'ClinicalDocument.recordTarget.patientRole.id.extension', 'ClinicalDocument.component.structuredBody.component.section.entry.encounter.id.root', 'ClinicalDocument.component.structuredBody.component.section.entry.act.id.extension', 'ClinicalDocument.author.assignedAuthor.id.extension', 'ClinicalDocument.authenticator.assignedEntity.id.extension', 'ClinicalDocument.documentationOf.serviceEvent.performer.assignedEntity.id.extension', 'ClinicalDocument.component.structuredBody.component.section.entry.supply.participant.participantRole.id.root', 'ClinicalDocument.component.structuredBody.component.section.entry.act.performer.assignedEntity.id.extension', 'ClinicalDocument.componentOf.encompassingEncounter.id.extension', 'ClinicalDocument.component.structuredBody.component.section.entry.observation.entryRelationship.encounter.id.extension', 'ClinicalDocument.component.structuredBody.component.section.entry.substanceAdministration.entryRelationship.supply.author.assignedAuthor.id.root', 'ClinicalDocument.author.assignedAuthor.id.root', 'ClinicalDocument.component.structuredBody.component.section.entry.observation.id.root', 'ClinicalDocument.legalAuthenticator.assignedEntity.id.extension', 'ClinicalDocument.component.structuredBody.component.section.entry.encounter.performer.assignedEntity.id.extension', 'ClinicalDocument.component.structuredBody.component.section.entry.organizer.id.extension', 'ClinicalDocument.custodian.assignedCustodian.representedCustodianOrganization.id.extension', 'ClinicalDocument.recordTarget.patientRole.id.root', 'ClinicalDocument.component.structuredBody.component.section.entry.act.entryRelationship.substanceAdministration.id.root', 'ClinicalDocument.component.structuredBody.component.section.entry.act.entryRelationship.observation.entryRelationship.observation.id.extension', 'ClinicalDocument.id.root', 'ClinicalDocument.custodian.assignedCustodian.representedCustodianOrganization.id.root', 'ClinicalDocument.component.structuredBody.component.section.entry.substanceAdministration.entryRelationship.supply.id.extension', 'ClinicalDocument.component.structuredBody.component.section.entry.encounter.entryRelationship.observation.id.extension', 'ClinicalDocument.component.structuredBody.component.section.entry.procedure.id.extension', 'ClinicalDocument.component.structuredBody.component.section.entry.substanceAdministration.entryRelationship.observation.id.extension', 'ClinicalDocument.recordTarget.patientRole.providerOrganization.id.root', 'ClinicalDocument.component.structuredBody.component.section.entry.act.entryRelationship.substanceAdministration.moodCode', 'ClinicalDocument.component.structuredBody.component.section.entry.procedure.id.root', 'ClinicalDocument.component.structuredBody.component.section.entry.act.id.root', 'ClinicalDocument.component.structuredBody.component.section.entry.substanceAdministration.performer.assignedEntity.id.extension', 'ClinicalDocument.id.extension', 'ClinicalDocument.component.structuredBody.component.section.entry.encounter.id.extension', 'ClinicalDocument.component.structuredBody.component.section.entry.substanceAdministration.id.root', 'ClinicalDocument.component.structuredBody.component.section.entry.encounter.entryRelationship.act.entryRelationship.observation.id.root', 'ClinicalDocument.component.structuredBody.component.section.entry.observation.id.extension', 'ClinicalDocument.component.structuredBody.component.section.entry.substanceAdministration.performer.assignedEntity.representedOrganization.id.extension']"
dosageInstruction.timing.repeat.boundsPeriod.start,ClinicalDocument.effectiveTime.type,2.5460062,[]
differential.element.mustSupport,ClinicalDocument.title.@value,1.9268336,[]
concept.extension.valueCoding.code,ClinicalDocument.code.code,1.5918988,[]
rest.resource.searchRevInclude,ClinicalDocument.versionNumber.value,2.4958513,[]
_chain.extension.valueCode,ClinicalDocument.authorization.typeCode,1.7272066,[]
snapshot.element.type.profile,ClinicalDocument.title.type,1.5973675,[]
item.item.item.text,ClinicalDocument.versionNumber.value,2.9376962,[]
_questionnaire.extension.valueUri,ClinicalDocument.title.@value,1.8178351,[]
valueQuantity.code,ClinicalDocument.versionNumber.value,1.6135393,"['ClinicalDocument.component.structuredBody.component.section.entry.substanceAdministration.entryRelationship.observation.value.value', 'ClinicalDocument.component.structuredBody.component.section.entry.organizer.component.observation.value.unit']"
relationship.coding.system,ClinicalDocument.title.type,1.8145735,[]
definition.extension.extension.valueString,ClinicalDocument.versionNumber.value,1.7125007,[]
result.reference,ClinicalDocument.title.@value,1.8910533,[]
entry.resource.location.reference,ClinicalDocument.title.@value,1.7068192,[]
definition.page.nameUrl,ClinicalDocument.code.displayName,2.159919,[]
meta.extension.url,ClinicalDocument.id.extension,2.057828,[]
rest.security.description,ClinicalDocument.title.@value,1.7895688,[]
differential.element.type.profile,ClinicalDocument.title.type,1.5092419,[]
contact.telecom.system,ClinicalDocument.title.type,2.1350043,[]
entry.resource.meta.profile,ClinicalDocument.title.type,1.9346526,[]
entry.resource.qualification.identifier.use,ClinicalDocument.participant.associatedEntity.addr.use,1.7725393,[]
entry.resource.telecom.value,ClinicalDocument.title.@value,1.6992366,"['ClinicalDocument.custodian.assignedCustodian.representedCustodianOrganization.telecom.value', 'ClinicalDocument.component.structuredBody.component.section.entry.procedure.performer.assignedEntity.telecom.value']"
component.dataAbsentReason.coding.code,ClinicalDocument.participant.functionCode.code,1.7982806,[]
differential.element.sliceName,ClinicalDocument.title.type,1.7085559,[]
item.item.item.answer.valueInteger,ClinicalDocument.versionNumber.value,3.3793883,[]
category.coding.display,ClinicalDocument.title.type,1.7401809,"['ClinicalDocument.component.structuredBody.component.section.entry.organizer.code.displayName', 'ClinicalDocument.component.structuredBody.component.section.entry.encounter.entryRelationship.act.code.displayName']"
verificationStatus.coding.code,ClinicalDocument.code.code,1.3537519,[]
context.expression,ClinicalDocument.title.@value,1.9520209,[]
extension.valueCodeableConcept.coding.code,ClinicalDocument.participant.functionCode.code,2.036619,['ClinicalDocument.recordTarget.patientRole.patient.religiousAffiliationCode.code']
_format.extension.valueCode,ClinicalDocument.versionNumber.value,1.568262,[]
derivation,ClinicalDocument.title.@value,2.3189893,[]
content.format.code,ClinicalDocument.code.code,1.6245487,[]
udiCarrier.entryType,ClinicalDocument.title.type,1.6829969,[]
definition.resource.description,ClinicalDocument.title.@value,1.6740761,[]
entry.resource.practitioner.display,ClinicalDocument.title.@value,1.6763867,['ClinicalDocument.author.assignedAuthor.assignedPerson.name.family.@value']
parameter.min,ClinicalDocument.title.@value,2.4378388,[]
snapshot.element.id,ClinicalDocument.id.extension,1.2722578,[]
occurrenceDateTime,ClinicalDocument.participant.time.value,1.7730885,[]
dispenseRequest.expectedSupplyDuration.unit,ClinicalDocument.participant.time.value,2.1986985,[]
parameter.max,ClinicalDocument.title.@value,2.2182274,[]
valueQuantity.system,ClinicalDocument.title.@value,1.5491818,[]
code.coding.display,ClinicalDocument.code.code,1.3639749,"['ClinicalDocument.component.structuredBody.component.section.entry.procedure.code.displayName', 'ClinicalDocument.recordTarget.patientRole.patient.administrativeGenderCode.displayName', 'ClinicalDocument.component.structuredBody.component.section.entry.act.entryRelationship.act.entryRelationship.act.entryRelationship.procedure.code.displayName', 'ClinicalDocument.documentationOf.serviceEvent.performer.assignedEntity.code.displayName', 'ClinicalDocument.component.structuredBody.component.section.entry.organizer.code.displayName', 'ClinicalDocument.component.structuredBody.component.section.entry.act.entryRelationship.observation.participant.participantRole.playingEntity.code.translation.displayName', 'ClinicalDocument.component.structuredBody.component.section.entry.act.code.displayName', 'ClinicalDocument.component.structuredBody.component.section.entry.act.entryRelationship.observation.value.translation.displayName', 'ClinicalDocument.component.structuredBody.component.section.entry.encounter.entryRelationship.observation.value.displayName', 'ClinicalDocument.component.structuredBody.component.section.entry.act.entryRelationship.observation.participant.participantRole.playingEntity.code.displayName', 'ClinicalDocument.component.structuredBody.component.section.entry.encounter.entryRelationship.observation.value.translation.displayName', 'ClinicalDocument.component.structuredBody.component.section.entry.observation.code.translation.displayName', 'ClinicalDocument.component.structuredBody.component.section.entry.procedure.code.translation.displayName', 'ClinicalDocument.component.structuredBody.component.section.entry.encounter.entryRelationship.act.entryRelationship.observation.value.displayName', 'ClinicalDocument.component.structuredBody.component.section.entry.substanceAdministration.entryRelationship.observation.value.displayName', 'ClinicalDocument.component.structuredBody.component.section.entry.substanceAdministration.consumable.manufacturedProduct.manufacturedMaterial.code.displayName', 'ClinicalDocument.component.structuredBody.component.section.entry.act.entryRelationship.observation.participant.participantRole.playingEntity.name.@value', 'ClinicalDocument.component.structuredBody.component.section.entry.act.code.displayName', 'ClinicalDocument.component.structuredBody.component.section.entry.organizer.component.observation.code.displayName', 'ClinicalDocument.component.structuredBody.component.section.entry.substanceAdministration.consumable.manufacturedProduct.manufacturedMaterial.code.translation.displayName', 'ClinicalDocument.component.structuredBody.component.section.entry.observation.code.displayName']"
presentedForm.hash,ClinicalDocument.title.@value,2.0295432,[]
content.creation,ClinicalDocument.title.@value,1.9213256,[]
intent,ClinicalDocument.title.@value,2.1683447,[]
definition.resource.name,ClinicalDocument.title.type,1.5218241,[]
definition.page.page.page.title,ClinicalDocument.title.type,2.8340285,[]
name.suffix,ClinicalDocument.title.type,1.9702832,"['ClinicalDocument.component.structuredBody.component.section.entry.organizer.performer.assignedEntity.assignedPerson.name.suffix.@value', 'ClinicalDocument.documentationOf.serviceEvent.performer.assignedEntity.assignedPerson.name.suffix.@value']"
referenceRange.type.coding.display,ClinicalDocument.component.typeCode,1.5968591,[]
comment,ClinicalDocument.title.@value,2.2534287,[]
component.valueQuantity.system,ClinicalDocument.versionNumber.value,1.5470675,[]
differential.element.binding.strength,ClinicalDocument.title.@value,1.7652925,[]
dependsOn.uri,ClinicalDocument.title.@value,2.3392377,[]
rest.resource.interaction.documentation,ClinicalDocument.participant.time.value,1.6807979,[]
baseDefinition,ClinicalDocument.title.@value,1.9006852,[]
entry.resource.code.text,ClinicalDocument.code.displayName,1.6594113,"['ClinicalDocument.component.structuredBody.component.section.entry.procedure.code.displayName', 'ClinicalDocument.component.structuredBody.component.section.entry.act.entryRelationship.observation.participant.participantRole.playingEntity.code.displayName', 'ClinicalDocument.component.structuredBody.component.section.entry.observation.code.translation.displayName', 'ClinicalDocument.component.structuredBody.component.section.entry.procedure.code.translation.displayName', 'ClinicalDocument.component.structuredBody.component.section.entry.encounter.entryRelationship.act.entryRelationship.observation.value.displayName', 'ClinicalDocument.component.structuredBody.component.section.entry.act.entryRelationship.observation.participant.participantRole.playingEntity.name.@value', 'ClinicalDocument.component.structuredBody.component.section.entry.act.entryRelationship.observation.participant.participantRole.playingEntity.code.translation.displayName', 'ClinicalDocument.component.structuredBody.component.section.entry.act.entryRelationship.observation.value.translation.displayName']"
item.answer.valueDecimal,ClinicalDocument.versionNumber.value,1.7652222,[]
clinicalStatus.coding.code,ClinicalDocument.code.code,1.1959621,"['ClinicalDocument.component.structuredBody.component.section.entry.observation.entryRelationship.observation.value.displayName', 'ClinicalDocument.component.structuredBody.component.section.entry.procedure.entryRelationship.procedure.statusCode.code', 'ClinicalDocument.component.structuredBody.component.section.entry.encounter.entryRelationship.act.statusCode.code', 'ClinicalDocument.component.structuredBody.component.section.entry.procedure.statusCode.code', 'ClinicalDocument.component.structuredBody.component.section.entry.act.entryRelationship.observation.entryRelationship.observation.value.displayName']"
contained.payloadType.coding.code,ClinicalDocument.component.typeCode,1.4510906,[]
entry.resource.reaction.onset,ClinicalDocument.effectiveTime.type,1.9109722,[]
snapshot.element.max,ClinicalDocument.versionNumber.value,1.9679861,[]
chain,ClinicalDocument.title.@value,2.281954,[]
vaccineCode.text,ClinicalDocument.code.code,1.6197141,['ClinicalDocument.component.structuredBody.component.section.entry.substanceAdministration.consumable.manufacturedProduct.manufacturedMaterial.code.displayName']
entry.resource.clinicalStatus.coding.display,ClinicalDocument.code.displayName,1.7489519,"['ClinicalDocument.component.structuredBody.component.section.entry.encounter.entryRelationship.act.entryRelationship.observation.entryRelationship.observation.value.displayName', 'ClinicalDocument.component.structuredBody.component.section.entry.act.entryRelationship.observation.entryRelationship.observation.value.displayName']"
telecom.system,ClinicalDocument.title.type,2.2324274,[]
entry.resource.agent.who.reference,ClinicalDocument.title.type,1.8195124,[]
dependsOn.id,ClinicalDocument.id.extension,1.9396758,[]
definition.page.page.title,ClinicalDocument.title.type,2.0138938,[]
medicationCodeableConcept.coding.display,ClinicalDocument.participant.functionCode.code,1.789991,[]
entry.resource.endpoint.display,ClinicalDocument.title.@value,1.703502,[]
component.dataAbsentReason.coding.display,ClinicalDocument.component.typeCode,1.9895805,[]
valueQuantity.unit,ClinicalDocument.title.@value,1.631314,"['ClinicalDocument.component.structuredBody.component.section.entry.organizer.component.observation.value.unit', 'ClinicalDocument.component.structuredBody.component.section.entry.substanceAdministration.entryRelationship.observation.value.value']"
rest.interaction.extension.url,ClinicalDocument.id.extension,2.0211093,[]
definition.resource.extension.valueString,ClinicalDocument.versionNumber.value,1.5333601,[]
referenceRange.high.system,ClinicalDocument.versionNumber.value,1.8022069,[]
jurisdiction.coding.code,ClinicalDocument.code.code,1.4266293,[]
link.relation,ClinicalDocument.title.@value,1.8885697,[]
clinicalStatus.text,ClinicalDocument.title.@value,1.3659502,[]
link.url,ClinicalDocument.id.extension,2.2396345,[]
referenceRange.low.unit,ClinicalDocument.versionNumber.value,2.0351791,[]
expression,ClinicalDocument.title.@value,2.272281,[]
text.status,ClinicalDocument.title.@value,1.715663,[]
medicationCodeableConcept.coding.system,ClinicalDocument.code.codeSystem,1.6941069,[]
description.coding.code,ClinicalDocument.code.code,1.3650395,[]
encounter.display,ClinicalDocument.title.@value,2.0207994,[]
differential.element.type.extension.url,ClinicalDocument.typeId.extension,1.9227886,[]
dependsOn.version,ClinicalDocument.versionNumber.value,2.2283413,[]
dispenseRequest.quantity.system,ClinicalDocument.title.@value,1.8488724,[]
entry.resource.code.coding.system,ClinicalDocument.code.codeSystem,1.370241,[]
address.city,ClinicalDocument.title.@value,2.0533297,"['ClinicalDocument.recordTarget.patientRole.patient.guardian.addr.city.@value', 'ClinicalDocument.component.structuredBody.component.section.entry.encounter.performer.assignedEntity.addr.city.@value', 'ClinicalDocument.recordTarget.patientRole.addr.city.@value', 'ClinicalDocument.component.structuredBody.component.section.entry.substanceAdministration.performer.assignedEntity.addr.city.@value', 'ClinicalDocument.custodian.assignedCustodian.representedCustodianOrganization.addr.city.@value']"
identifier.type.text,ClinicalDocument.title.type,1.3941623,[]
participant.role.coding.system,ClinicalDocument.participant.typeCode,1.8073671,[]
participant.role.coding.code,ClinicalDocument.participant.typeCode,1.5539145,[]
referenceRange.high.code,ClinicalDocument.versionNumber.value,1.7764575,[]
rest.documentation,ClinicalDocument.title.@value,1.9357784,[]
snapshot.element.slicing.rules,ClinicalDocument.versionNumber.value,1.9638121,[]
_instantiates.extension.url,ClinicalDocument.id.extension,1.8851897,[]
reaction.manifestation.coding.system,ClinicalDocument.title.type,1.7809218,[]
xpath,ClinicalDocument.title.@value,2.396924,[]
item.item.linkId,ClinicalDocument.templateId.extension,2.3729904,[]
multipleAnd,ClinicalDocument.title.@value,2.0411804,[]
resource.qualification.identifier.type.coding.display,ClinicalDocument.component.typeCode,1.4760973,[]
fhirVersion,ClinicalDocument.id.extension,2.8742034,[]
snapshot.element.fixedCode,ClinicalDocument.participant.typeCode,1.718752,[]
rest.resource.interaction.code,ClinicalDocument.participant.typeCode,1.5933805,[]
rest.resource.operation.definition,ClinicalDocument.participant.time.value,1.7594804,[]
period.start,ClinicalDocument.title.@value,2.1328688,[]
definition.parameter.value,ClinicalDocument.title.@value,1.4757097,[]
vaccineCode.coding.code,ClinicalDocument.code.code,1.2442704,['ClinicalDocument.component.structuredBody.component.section.entry.substanceAdministration.consumable.manufacturedProduct.manufacturedMaterial.code.code']
snapshot.element.constraint.xpath,ClinicalDocument.versionNumber.value,3.3558378,[]
dispenseRequest.quantity.unit,ClinicalDocument.title.@value,1.8912619,"['ClinicalDocument.versionNumber.value', 'ClinicalDocument.componentOf.encompassingEncounter.id.extension']"
snapshot.element.type.targetProfile,ClinicalDocument.participant.typeCode,1.8726134,[]
reaction.manifestation.text,ClinicalDocument.title.type,1.7819467,[]
entry.resource.recorded,ClinicalDocument.title.@value,1.7659554,[]
performedDateTime,ClinicalDocument.participant.time.value,1.8026365,[]
class.display,ClinicalDocument.title.type,1.9234967,[]
valueString,ClinicalDocument.title.@value,1.6740898,"['ClinicalDocument.component.structuredBody.component.section.entry.observation.value.@value', 'ClinicalDocument.recordTarget.patientRole.patient.raceCode.displayName', 'ClinicalDocument.recordTarget.patientRole.patient.ethnicGroupCode.displayName', 'ClinicalDocument.component.structuredBody.component.section.entry.organizer.component.observation.value.@value']"
entry.resource.address.text,ClinicalDocument.title.@value,1.7907759,[]
valueQuantity.value,ClinicalDocument.title.@value,1.6700565,[]
entry.resource.specialty.coding.system,ClinicalDocument.participant.typeCode,1.6917771,[]
rest.resource.operation.documentation,ClinicalDocument.participant.time.value,1.7171674,[]
entry.resource.address.state,ClinicalDocument.title.@value,1.8462949,"['ClinicalDocument.custodian.assignedCustodian.representedCustodianOrganization.addr.state.@value', 'ClinicalDocument.recordTarget.patientRole.addr.state.@value']"
contact.name,ClinicalDocument.title.type,1.9029828,[]
definition.page.page.page.generation,ClinicalDocument.author.time.type,2.7925124,[]
definition.resource.exampleCanonical,ClinicalDocument.title.type,1.6625546,[]
snapshot.element.slicing.discriminator.path,ClinicalDocument.versionNumber.value,3.1967738,[]
component.dataAbsentReason.text,ClinicalDocument.versionNumber.value,1.9255394,[]
rest.resource.searchParam.extension.valueCode,ClinicalDocument.recordTarget.typeCode,2.395552,[]
patient.display,ClinicalDocument.title.@value,1.9249961,[]
rest.resource._searchRevInclude.extension.valueCode,ClinicalDocument.recordTarget.contextControlCode,2.8882532,[]
rest.resource._searchInclude.extension.url,ClinicalDocument.setId.extension,2.4858415,[]
url,ClinicalDocument.id.extension,2.2131193,[]
snapshot.element.condition,ClinicalDocument.title.@value,1.7495526,[]
address.line,ClinicalDocument.title.@value,1.8664736,"['ClinicalDocument.custodian.assignedCustodian.representedCustodianOrganization.addr.streetAddressLine.@value', 'ClinicalDocument.recordTarget.patientRole.providerOrganization.addr.streetAddressLine.@value', 'ClinicalDocument.component.structuredBody.component.section.entry.substanceAdministration.performer.assignedEntity.addr.streetAddressLine.@value', 'ClinicalDocument.component.structuredBody.component.section.entry.substanceAdministration.performer.assignedEntity.representedOrganization.addr.streetAddressLine.@value', 'ClinicalDocument.component.structuredBody.component.section.entry.encounter.performer.assignedEntity.addr.streetAddressLine.@value', 'ClinicalDocument.legalAuthenticator.assignedEntity.addr.streetAddressLine.@value', 'ClinicalDocument.documentationOf.serviceEvent.performer.assignedEntity.addr.streetAddressLine.@value', 'ClinicalDocument.recordTarget.patientRole.addr.streetAddressLine.@value', 'ClinicalDocument.recordTarget.patientRole.patient.guardian.addr.streetAddressLine.@value', 'ClinicalDocument.component.structuredBody.component.section.entry.encounter.entryRelationship.encounter.performer.assignedEntity.addr.streetAddressLine.@value']"
description.coding.display,ClinicalDocument.title.@value,1.6938016,[]
differential.element.mapping.map,ClinicalDocument.versionNumber.value,2.1531916,[]
entry.resource.clinicalStatus.coding.code,ClinicalDocument.participant.functionCode.code,1.5861592,"['ClinicalDocument.component.structuredBody.component.section.entry.observation.entryRelationship.observation.value.displayName', 'ClinicalDocument.component.structuredBody.component.section.entry.procedure.entryRelationship.procedure.statusCode.code', 'ClinicalDocument.component.structuredBody.component.section.entry.encounter.entryRelationship.act.statusCode.code', 'ClinicalDocument.component.structuredBody.component.section.entry.procedure.statusCode.code', 'ClinicalDocument.component.structuredBody.component.section.entry.act.entryRelationship.observation.entryRelationship.observation.value.displayName']"
contained.code.text,ClinicalDocument.code.code,1.6623484,[]
address.period.end,ClinicalDocument.participant.time.value,1.9908018,[]
meta.tag.system,ClinicalDocument.title.type,2.1010683,[]
entry.resource.qualification.identifier.type.text,ClinicalDocument.participant.typeCode,1.8694552,[]
snapshot.element.isModifierReason,ClinicalDocument.title.@value,1.7763999,[]
entry.resource.code.coding.display,ClinicalDocument.code.displayName,1.4705696,"['ClinicalDocument.component.structuredBody.component.section.entry.procedure.code.displayName', 'ClinicalDocument.recordTarget.patientRole.patient.administrativeGenderCode.displayName', 'ClinicalDocument.component.structuredBody.component.section.entry.act.entryRelationship.act.entryRelationship.act.entryRelationship.procedure.code.displayName', 'ClinicalDocument.documentationOf.serviceEvent.performer.assignedEntity.code.displayName', 'ClinicalDocument.component.structuredBody.component.section.entry.act.entryRelationship.observation.participant.participantRole.playingEntity.code.translation.displayName', 'ClinicalDocument.component.structuredBody.component.section.entry.act.code.displayName', 'ClinicalDocument.component.structuredBody.component.section.entry.act.entryRelationship.observation.value.translation.displayName', 'ClinicalDocument.component.structuredBody.component.section.entry.encounter.entryRelationship.observation.value.displayName', 'ClinicalDocument.component.structuredBody.component.section.entry.act.entryRelationship.observation.participant.participantRole.playingEntity.code.displayName', 'ClinicalDocument.component.structuredBody.component.section.entry.encounter.entryRelationship.observation.value.translation.displayName', 'ClinicalDocument.component.structuredBody.component.section.entry.observation.code.translation.displayName', 'ClinicalDocument.component.structuredBody.component.section.entry.procedure.code.translation.displayName', 'ClinicalDocument.component.structuredBody.component.section.entry.encounter.entryRelationship.act.entryRelationship.observation.value.displayName', 'ClinicalDocument.component.structuredBody.component.section.entry.substanceAdministration.entryRelationship.observation.value.displayName', 'ClinicalDocument.component.structuredBody.component.section.entry.substanceAdministration.consumable.manufacturedProduct.manufacturedMaterial.code.displayName', 'ClinicalDocument.component.structuredBody.component.section.entry.act.entryRelationship.observation.participant.participantRole.playingEntity.name.@value', 'ClinicalDocument.component.structuredBody.component.section.entry.organizer.component.observation.code.displayName', 'ClinicalDocument.component.structuredBody.component.section.entry.substanceAdministration.consumable.manufacturedProduct.manufacturedMaterial.code.translation.displayName', 'ClinicalDocument.component.structuredBody.component.section.entry.observation.code.displayName']"
_format.extension.url,ClinicalDocument.id.extension,1.975466,[]
differential.element.meaningWhenMissing,ClinicalDocument.participant.time.value,1.8962713,[]
kind,ClinicalDocument.title.type,2.0820093,[]
hasMember.reference,ClinicalDocument.title.@value,2.027442,[]
version,ClinicalDocument.title.@value,2.2521048,['ClinicalDocument.component.structuredBody.component.section.entry.encounter.code.codeSystemVersion']
contact.telecom.value,ClinicalDocument.title.@value,1.8315262,[]
snapshot.element.short,ClinicalDocument.title.@value,1.757116,[]
entry.resource.address.line,ClinicalDocument.title.@value,1.8416958,"['ClinicalDocument.custodian.assignedCustodian.representedCustodianOrganization.addr.streetAddressLine.@value', 'ClinicalDocument.recordTarget.patientRole.providerOrganization.addr.streetAddressLine.@value', 'ClinicalDocument.component.structuredBody.component.section.entry.substanceAdministration.performer.assignedEntity.addr.streetAddressLine.@value', 'ClinicalDocument.component.structuredBody.component.section.entry.substanceAdministration.performer.assignedEntity.representedOrganization.addr.streetAddressLine.@value', 'ClinicalDocument.component.structuredBody.component.section.entry.encounter.performer.assignedEntity.addr.streetAddressLine.@value', 'ClinicalDocument.legalAuthenticator.assignedEntity.addr.streetAddressLine.@value', 'ClinicalDocument.documentationOf.serviceEvent.performer.assignedEntity.addr.streetAddressLine.@value', 'ClinicalDocument.recordTarget.patientRole.addr.streetAddressLine.@value', 'ClinicalDocument.component.structuredBody.component.section.entry.encounter.entryRelationship.encounter.performer.assignedEntity.addr.streetAddressLine.@value']"
rest.mode,ClinicalDocument.title.type,2.0060074,[]
differential.element.patternCodeableConcept.coding.code,ClinicalDocument.participant.associatedEntity.code.codeSystem,2.1274524,[]
entry.search.mode,ClinicalDocument.title.type,1.8991792,[]
entry.resource.address.city,ClinicalDocument.title.type,1.9384845,"['ClinicalDocument.component.structuredBody.component.section.entry.encounter.performer.assignedEntity.addr.city.@value', 'ClinicalDocument.recordTarget.patientRole.addr.city.@value', 'ClinicalDocument.component.structuredBody.component.section.entry.substanceAdministration.performer.assignedEntity.addr.city.@value', 'ClinicalDocument.custodian.assignedCustodian.representedCustodianOrganization.addr.city.@value']"
instantiates,ClinicalDocument.title.@value,2.3577077,[]
differential.element.slicing.rules,ClinicalDocument.title.@value,2.0094488,[]
participant.role.coding.display,ClinicalDocument.title.@value,1.7646906,[]
entry.resource.medicationReference.reference,ClinicalDocument.title.type,1.789358,[]
extension.valueDateTime,ClinicalDocument.effectiveTime.value,1.3673997,[]
differential.element.type._targetProfile.extension.valueBoolean,ClinicalDocument.recordTarget.typeCode,2.4986339,[]
snapshot.element.constraint.extension.url,ClinicalDocument.versionNumber.value,2.111205,[]
snapshot.element.isModifier,ClinicalDocument.title.@value,1.7790455,[]
entry.resource.address.postalCode,ClinicalDocument.code.displayName,1.7889007,"['ClinicalDocument.component.structuredBody.component.section.entry.encounter.performer.assignedEntity.addr.postalCode.@value', 'ClinicalDocument.component.structuredBody.component.section.entry.substanceAdministration.performer.assignedEntity.addr.postalCode.@value', 'ClinicalDocument.recordTarget.patientRole.addr.postalCode.@value', 'ClinicalDocument.documentationOf.serviceEvent.performer.assignedEntity.addr.postalCode.@value']"
dispenseRequest.numberOfRepeatsAllowed,ClinicalDocument.inFulfillmentOf.typeCode,2.469335,[]
differential.element.binding.description,ClinicalDocument.title.@value,1.6351187,[]
extension.extension.valueCoding.system,ClinicalDocument.versionNumber.value,1.69848,[]
differential.element.fixedUri,ClinicalDocument.versionNumber.value,2.049787,[]
entry.resource.organization.display,ClinicalDocument.title.@value,1.6957723,['ClinicalDocument.component.structuredBody.component.section.entry.procedure.performer.assignedEntity.representedOrganization.name.@value']
snapshot.element.patternCodeableConcept.coding.code,ClinicalDocument.participant.associatedEntity.code.codeSystem,2.1499453,[]
concept.display,ClinicalDocument.title.@value,1.8006415,[]
expirationDate,ClinicalDocument.title.@value,2.069707,[]
snapshot.element.example.valueUri,ClinicalDocument.versionNumber.value,1.951889,[]
definition.page.page.page.page.title,ClinicalDocument.code.displayName,3.6761823,[]
entry.resource.requester.reference,ClinicalDocument.title.@value,1.7676965,[]
entry.resource.reaction.manifestation.coding.system,ClinicalDocument.participant.typeCode,1.7634006,[]
snapshot.element.mapping.identity,ClinicalDocument.title.@value,1.8410542,[]
snapshot.element.path,ClinicalDocument.title.@value,1.9067814,[]
resource.qualification.identifier.type.coding.code,ClinicalDocument.component.typeCode,1.3946923,[]
concept.extension.url,ClinicalDocument.id.extension,1.8481464,[]
extension.extension.valueString,ClinicalDocument.versionNumber.value,1.7639657,"['ClinicalDocument.recordTarget.patientRole.patient.raceCode.displayName', 'ClinicalDocument.recordTarget.patientRole.patient.ethnicGroupCode.displayName']"
snapshot.element.sliceName,ClinicalDocument.title.@value,1.8140647,[]
component.valueQuantity.value,ClinicalDocument.versionNumber.value,1.6719886,[]
snapshot.element.extension.valueCode,ClinicalDocument.component.typeCode,1.6296661,[]
_questionnaire.extension.url,ClinicalDocument.id.extension,1.917606,[]
telecom.value,ClinicalDocument.title.@value,1.8775926,"['ClinicalDocument.custodian.assignedCustodian.representedCustodianOrganization.telecom.value', 'ClinicalDocument.component.structuredBody.component.section.entry.procedure.performer.assignedEntity.telecom.value']"
entry.resource.specialty.coding.code,ClinicalDocument.code.code,1.5128497,[]
author.reference,ClinicalDocument.title.@value,1.9536039,[]
differential.element.slicing.discriminator.path,ClinicalDocument.versionNumber.value,3.1669233,[]
address.text,ClinicalDocument.title.@value,1.8446251,[]
vaccineCode.coding.system,ClinicalDocument.code.code,1.4155829,[]
name.period.end,ClinicalDocument.title.type,1.9308078,[]
description.coding.system,ClinicalDocument.title.type,1.7211238,[]
differential.element.max,ClinicalDocument.title.@value,2.0379708,[]
snapshot.element.requirements,ClinicalDocument.title.@value,1.752511,[]
referenceRange.low.system,ClinicalDocument.versionNumber.value,1.92774,[]
doc_id,ClinicalDocument.id.extension,1.5324695,[]
entry.resource.verificationStatus.coding.display,ClinicalDocument.code.displayName,1.7983856,[]
performer.actor.reference,ClinicalDocument.title.type,2.088128,[]
clinicalStatus.coding.display,ClinicalDocument.title.@value,1.5265954,"['ClinicalDocument.component.structuredBody.component.section.entry.encounter.entryRelationship.act.entryRelationship.observation.entryRelationship.observation.value.displayName', 'ClinicalDocument.component.structuredBody.component.section.entry.act.entryRelationship.observation.entryRelationship.observation.value.displayName']"
differential.element.constraint.extension.valueBoolean,ClinicalDocument.versionNumber.value,2.0134835,[]
referenceRange.type.text,ClinicalDocument.title.type,1.6059319,[]
entry.resource.agent.onBehalfOf.reference,ClinicalDocument.inFulfillmentOf.typeCode,2.3791182,[]
snapshot.element.mustSupport,ClinicalDocument.participant.time.value,1.9088894,[]
abstract,ClinicalDocument.title.@value,2.1980798,[]
_comparator.extension.valueCode,ClinicalDocument.versionNumber.value,1.588687,[]
differential.element.constraint.severity,ClinicalDocument.title.@value,1.8997873,[]
entry.resource.agent.type.coding.display,ClinicalDocument.participant.typeCode,1.8272848,[]
concept.property.valueCode,ClinicalDocument.versionNumber.value,1.6408536,[]
reaction.manifestation.coding.code,ClinicalDocument.code.code,1.3877974,"['ClinicalDocument.component.structuredBody.component.section.entry.act.entryRelationship.substanceAdministration.precondition.criterion.value.code', 'ClinicalDocument.component.structuredBody.component.section.entry.substanceAdministration.precondition.criterion.value.code']"
differential.element.constraint.extension.url,ClinicalDocument.versionNumber.value,2.0810332,[]
system,ClinicalDocument.title.@value,2.2295356,['ClinicalDocument.component.structuredBody.component.section.entry.encounter.id.root']
udiCarrier.deviceIdentifier,ClinicalDocument.title.type,1.9171778,[]
snapshot.element.binding.extension.valueCanonical,ClinicalDocument.versionNumber.value,1.7863084,[]
valueCodeableConcept.coding.extension.valueDecimal,ClinicalDocument.authenticator.assignedEntity.addr.postalCode.@value,2.4675963,[]
contained.managingOrganization.reference,ClinicalDocument.title.@value,1.7437797,[]
telecom.extension.url,ClinicalDocument.id.extension,1.9913986,[]
address.country,ClinicalDocument.title.@value,2.0475872,"['ClinicalDocument.custodian.assignedCustodian.representedCustodianOrganization.addr.country.@value', 'ClinicalDocument.recordTarget.patientRole.addr.country.@value']"
entry.resource.qualification.code.coding.code,ClinicalDocument.languageCode.code,1.530364,[]
performedPeriod.end,ClinicalDocument.participant.time.value,2.0572755,[]
birthDate,ClinicalDocument.title.@value,2.1599472,[]
compose.include.concept.display,ClinicalDocument.title.type,1.8865491,[]
entry.resource.subject.display,ClinicalDocument.title.@value,1.706486,[]
hospitalization.dischargeDisposition.coding.display,ClinicalDocument.title.type,1.8492606,[]
purpose,ClinicalDocument.title.@value,2.2054777,[]
_instantiates.extension.valueCode,ClinicalDocument.authorization.typeCode,1.6420681,[]
contained.code.coding.system,ClinicalDocument.code.code,1.2299122,[]
snapshot.element.type.code,ClinicalDocument.component.typeCode,1.1944778,[]
compose.include.filter.op,ClinicalDocument.id.extension,2.6880815,[]
entry.resource.name.suffix,ClinicalDocument.title.type,1.8598763,"['ClinicalDocument.component.structuredBody.component.section.entry.organizer.performer.assignedEntity.assignedPerson.name.suffix.@value', 'ClinicalDocument.documentationOf.serviceEvent.performer.assignedEntity.assignedPerson.name.suffix.@value']"
telecom.extension.valueBoolean,ClinicalDocument.title.@value,1.8569384,[]
extension.valueCodeableConcept.coding.system,ClinicalDocument.participant.associatedEntity.code.codeSystem,1.9757333,[]
contained.resourceType,ClinicalDocument.title.type,1.4807708,[]
text.div,ClinicalDocument.title.@value,2.4176219,[]
referenceRange.type.coding.code,ClinicalDocument.component.typeCode,1.3731792,[]
title,ClinicalDocument.title.@value,1.9409754,"['ClinicalDocument.title.@value', 'ClinicalDocument.component.structuredBody.component.section.entry.organizer.code.displayName']"
category.coding.code,ClinicalDocument.code.code,1.4583488,[]
rest.resource._searchInclude.extension.valueCode,ClinicalDocument.recordTarget.contextControlCode,2.1747217,[]
modality.coding.system,ClinicalDocument.title.type,1.8239955,[]
name.prefix,ClinicalDocument.title.@value,1.8636115,"['ClinicalDocument.recordTarget.patientRole.patient.name.prefix.@value', 'ClinicalDocument.recordTarget.patientRole.patient.guardian.guardianPerson.name.prefix.@value']"
rest.resource.referencePolicy,ClinicalDocument.participant.time.value,1.7490482,[]
differential.element.binding.extension.valueCanonical,ClinicalDocument.versionNumber.value,1.8358042,[]
authoredOn,ClinicalDocument.title.@value,2.2518134,[]
rest.resource.supportedProfile,ClinicalDocument.participant.time.value,1.8060001,[]
participant.member.reference,ClinicalDocument.title.@value,2.0106325,[]
location.location.reference,ClinicalDocument.title.@value,1.8277773,[]
createdDateTime,ClinicalDocument.participant.time.value,1.7955765,[]
focalDevice.manipulated.reference,ClinicalDocument.title.type,1.8273835,[]
entry.resource.intent,ClinicalDocument.title.@value,1.6908679,[]
name.given,ClinicalDocument.title.@value,1.8153368,"['ClinicalDocument.recordTarget.patientRole.patient.name.given.@value', 'ClinicalDocument.recordTarget.patientRole.patient.guardian.guardianPerson.name.given.@value', 'ClinicalDocument.recordTarget.patientRole.patient.maritalStatusCode.code', 'ClinicalDocument.component.structuredBody.component.section.entry.encounter.performer.assignedEntity.assignedPerson.name.given.@value', 'ClinicalDocument.component.structuredBody.component.section.entry.encounter.entryRelationship.encounter.performer.assignedEntity.assignedPerson.name.given.@value', 'ClinicalDocument.documentationOf.serviceEvent.performer.assignedEntity.assignedPerson.name.given.@value', 'ClinicalDocument.author.assignedAuthor.assignedPerson.name.given.@value', 'ClinicalDocument.recordTarget.patientRole.patient.name.use', 'ClinicalDocument.component.structuredBody.component.section.entry.substanceAdministration.performer.assignedEntity.assignedPerson.name.given.@value', 'ClinicalDocument.component.structuredBody.component.section.text.table.thead.tr.th.colspan']"
entry.resource.organization.reference,ClinicalDocument.title.@value,1.6898308,[]
count,ClinicalDocument.title.@value,2.183899,[]
compose.include.concept.code,ClinicalDocument.authorization.typeCode,1.7350105,[]
contained.payloadMimeType,ClinicalDocument.title.type,1.9548105,[]
snapshot.element.min,ClinicalDocument.title.@value,2.2420752,[]
entry.resource.medicationReference.display,ClinicalDocument.title.type,1.7158021,['ClinicalDocument.component.structuredBody.component.section.entry.substanceAdministration.consumable.manufacturedProduct.manufacturedMaterial.code.displayName']
managingOrganization.display,ClinicalDocument.title.@value,1.870486,['ClinicalDocument.recordTarget.patientRole.providerOrganization.name.@value']
content.data,ClinicalDocument.title.@value,1.7872078,[]
compose.include.valueSet,ClinicalDocument.versionNumber.value,1.9217271,[]
entry.resource.meta.versionId,ClinicalDocument.templateId.extension,1.7309482,[]
name.family,ClinicalDocument.title.type,1.8526746,"['ClinicalDocument.recordTarget.patientRole.patient.guardian.guardianPerson.name.family.@value', 'ClinicalDocument.author.assignedAuthor.assignedPerson.name.family.@value', 'ClinicalDocument.component.structuredBody.component.section.entry.substanceAdministration.performer.assignedEntity.assignedPerson.name.family.@value', 'ClinicalDocument.component.structuredBody.component.section.entry.encounter.entryRelationship.encounter.performer.assignedEntity.assignedPerson.name.family.@value', 'ClinicalDocument.documentationOf.serviceEvent.performer.assignedEntity.assignedPerson.name.family.@value', 'ClinicalDocument.recordTarget.patientRole.patient.name.family.@value']"
description.text,ClinicalDocument.title.@value,1.8510911,[]
differential.element.patternIdentifier.system,ClinicalDocument.component.typeCode,1.8152066,[]
component.code.coding.code,ClinicalDocument.code.code,1.0972908,[]
differential.element.short,ClinicalDocument.title.@value,1.7273269,[]
deviceName.name,ClinicalDocument.title.type,1.8333077,[]
property.uri,ClinicalDocument.id.extension,2.1120477,[]
